x_1,x_2,cluster_label
-4.0126,-1.4419,0
-3.4627,-1.9057,0
5.1083,-2.537,2
1.2639,4.3466,1
-2.9505,-2.9715,0
-3.3333,-3.244,0
5.6405,-4.0122,2
-3.5115,-0.4256,0
-3.6872,-2.4265,0
1.3702,3.5505,1
-2.1237,-1.2084,0
-3.5105,-2.2479,0
5.7465,-4.99,2
5.3046,-3.3738,2
5.2991,-3.6736,2
-2.3276,-2.773,0
-1.4141,-1.5972,0
-2.9889,-0.7645,0
-3.578,-1.8026,0
2.8123,4.7904,1
5.0894,-2.3238,2
3.1657,-3.9073,2
-3.199,-2.199,0
4.4036,-2.4865,2
3.6149,3.4245,1
1.4056,3.9139,1
6.4805,-3.2241,2
1.558,4.6372,1
3.467,-3.05,2
1.4307,4.1128,1
-3.2913,-2.6819,0
2.3895,5.1496,1
4.1128,-2.5464,2
4.9928,-1.6681,2
4.3702,-2.8074,2
-2.0286,-1.3609,0
2.7155,4.4885,1
2.0733,3.4202,1
1.2455,3.0894,1
-2.9957,-2.1994,0
2.7128,3.5673,1
1.9857,3.2481,1
6.3708,-2.515,2
-2.3094,-0.8472,0
5.0779,-3.1401,2
4.2256,-3.3461,2
3.9351,-4.8353,2
1.3809,3.759,1
4.5612,-3.3893,2
4.9436,-2.1404,2
-4.631,-2.0225,0
-2.926,-2.2542,0
3.3163,-3.3164,2
1.3262,4.3689,1
1.4204,3.8224,1
1.9843,4.088,1
5.0166,-1.4912,2
-2.3723,-1.8543,0
2.5115,3.7673,1
5.334,-3.5436,2
-3.7815,-0.6826,0
2.0524,3.711,1
-2.1811,-1.6491,0
2.2431,3.9024,1
3.5542,-2.8169,2
0.9139,2.9444,1
3.4975,-2.511,2
-3.842,-2.4814,0
4.5228,-3.7136,2
4.0391,-3.1281,2
2.3787,4.6493,1
1.3783,3.5799,1
-3.4503,-1.5637,0
2.2332,5.1065,1
4.0665,-3.1713,2
3.1393,-3.0802,2
-2.9426,-3.211,0
5.5194,-3.1827,2
-3.3939,-2.3959,0
-3.4073,-2.1578,0
2.4681,4.4713,1
-3.5754,-1.4801,0
-2.7871,-1.7055,0
4.7759,-2.1256,2
5.4311,-2.6997,2
6.5184,-2.2065,2
-3.0612,-1.147,0
5.2434,-3.0452,2
-3.1867,-1.6965,0
-1.7438,-2.4405,0
3.5998,2.5359,1
2.2563,5.4071,1
-2.3085,-3.0462,0
4.4144,-3.4384,2
3.081,2.9231,1
4.7575,-2.3542,2
2.1493,3.5498,1
-3.1635,-1.7437,0
-2.7245,-2.3273,0
-1.6577,-1.3477,0
-3.0983,-2.2559,0
-2.7791,-1.3355,0
2.0184,4.3735,1
3.6363,-1.7698,2
-4.3181,-1.9417,0
-2.922,-3.6894,0
1.0543,4.6884,1
-3.9783,-1.6807,0
5.3299,-3.8459,2
5.4508,-3.8798,2
2.4103,3.8484,1
2.1837,3.6198,1
3.6424,3.3938,1
-3.0295,-2.9934,0
5.5528,-2.3182,2
2.2107,3.533,1
5.3457,-3.0294,2
-3.3915,-1.1014,0
4.8849,-3.86,2
5.9526,-4.5829,2
1.4522,4.1623,1
-3.7513,-1.8693,0
-2.2219,-1.7206,0
-3.1371,-1.6566,0
-2.8528,-1.6725,0
-3.8609,-1.7329,0
-2.5977,-2.0619,0
3.7413,-2.4933,2
-3.0305,-0.6701,0
-3.3991,-1.5388,0
-4.129,-1.8327,0
0.4811,4.1398,1
5.8336,-1.2815,2
5.2121,-2.3062,2
4.6001,-2.6604,2
2.5176,3.6991,1
-2.4495,-0.7054,0
-2.0152,-2.6976,0
3.565,-3.5394,2
-2.6928,-0.6927,0
3.3241,4.3037,1
2.5147,2.7905,1
-3.2086,-2.6407,0
1.8439,3.6302,1
-4.0514,-3.1224,0
-2.7943,-3.6263,0
5.7473,-3.7705,2
3.1895,3.0716,1
1.0098,5.3736,1
-2.9175,-1.1767,0
1.5037,4.6393,1
2.3097,3.5772,1
0.4071,3.6057,1
4.8989,-3.1989,2
-3.3795,-1.2721,0
-2.6926,-2.5484,0
2.0569,3.4921,1
2.7755,-3.7172,2
-2.818,-3.0589,0
5.4768,-1.7026,2
2.8686,4.5937,1
-1.3967,-1.8516,0
-4.3664,-1.8431,0
-3.903,-1.5974,0
-2.9488,0.0938,0
-2.9153,-2.428,0
5.5189,-2.7199,2
-3.1899,-1.3931,0
4.2119,-4.2445,2
4.5866,-3.7649,2
4.5225,-3.5182,2
-3.0655,-1.71,0
1.6438,3.51,1
5.0696,-3.7752,2
5.5747,-4.4954,2
-3.7718,-3.2005,0
4.5949,-2.4394,2
1.3048,3.9554,1
0.9667,3.2966,1
4.3131,-4.6244,2
2.6191,4.6101,1
-4.4662,-2.4779,0
2.9502,3.4692,1
-0.431,3.2317,1
5.9057,-3.5192,2
3.6193,-1.8501,2
1.9908,3.3271,1
4.5375,-3.9533,2
1.6461,4.8167,1
1.4612,3.8399,1
5.0644,-3.4299,2
-2.7509,-2.6072,0
6.396,-2.8959,2
-2.3008,-3.0377,0
-2.8225,-3.6657,0
2.7313,3.8897,1
1.8862,4.4412,1
-2.7184,-1.1708,0
4.7571,-3.8809,2
6.8547,-1.4202,2
4.5017,-4.0781,2
2.9791,4.0158,1
-3.9404,-3.0168,0
-1.8076,-3.1916,0
2.1681,4.0094,1
1.0998,3.7491,1
7.771,-1.9924,2
5.1637,-2.7766,2
3.5352,-2.9567,2
-2.8067,-0.8889,0
3.826,-2.3973,2
5.3038,-3.3707,2
2.6542,4.1375,1
4.9037,-3.9317,2
-3.7561,-2.6934,0
3.608,4.4754,1
3.6693,-1.9706,2
6.7683,-2.9683,2
2.3863,6.8895,1
-2.3012,-0.3877,0
-3.8285,-1.331,0
4.7525,-5.0717,2
-2.7483,-1.7781,0
5.5808,-1.7682,2
2.0482,3.1917,1
1.8367,4.8241,1
4.4809,-2.3201,2
2.6096,4.4722,1
4.4133,-2.9573,2
5.7521,-4.0167,2
2.6432,3.88,1
2.0727,4.4464,1
-2.7648,-1.2969,0
2.8846,3.6481,1
2.242,3.3796,1
0.7151,5.0154,1
5.0437,-3.7479,2
2.5605,4.4578,1
5.2338,-3.8139,2
1.9861,3.7835,1
1.7635,4.5692,1
3.0884,4.7195,1
6.051,-2.771,2
0.8605,3.6368,1
-3.0115,-2.8991,0
-2.4682,-2.7286,0
1.3863,5.5693,1
6.4658,-4.2421,2
5.355,-3.3789,2
1.67,4.0981,1
5.9338,-3.459,2
5.2942,-3.1972,2
-2.5563,-1.7476,0
-3.225,0.3121,0
-2.7079,-3.4986,0
4.4181,-3.9734,2
-2.5012,-0.1381,0
2.9582,3.5563,1
2.0342,3.5113,1
5.0047,-2.9577,2
2.8724,4.0077,1
2.6747,4.2305,1
-2.7811,-2.0633,0
-2.5778,-2.1175,0
1.9184,4.3013,1
1.636,4.0614,1
2.2683,4.4206,1
4.7849,-3.8168,2
4.9405,-4.0899,2
4.1316,-2.3826,2
-3.7133,-2.2628,0
-4.2031,-2.3575,0
-3.9103,-1.5899,0
2.4282,4.8517,1
3.5916,4.7743,1
1.8106,3.0642,1
1.3833,4.1828,1
5.2608,-1.1321,2
3.736,2.5996,1
6.0614,-2.9392,2
2.3863,4.3853,1
2.0851,4.4966,1
6.3521,-2.9333,2
-4.2567,-2.6119,0
1.9141,4.9284,1
3.2243,2.9274,1
-5.2268,-1.3014,0
4.4668,-3.7776,2
-1.7542,-2.1919,0
2.2678,3.4803,1
-3.6658,-2.2738,0
6.0811,-3.3673,2
5.784,-3.2934,2
5.5695,-0.9564,2
4.3193,-4.28,2
1.4635,4.5097,1
-3.7198,-3.2876,0
2.3329,4.581,1
1.6467,4.174,1
-3.5967,-2.2785,0
